{
    "prop_2_bathrooms": [
        0.5451541350549399,
        0.45484586494506024
    ],
    "prop_3_bathrooms": [
        0.40645690252088085,
        0.3266041454134785,
        0.2669389520656407
    ]
}