{
    "prop_2_rooms": [
        0.5699537037824113,
        0.4300462962175886
    ],
    "prop_3_rooms": [
        0.4139215423798466,
        0.30823975030227896,
        0.27783870731787447
    ],
    "prop_4_rooms": [
        0.3426807956228651,
        0.24304485247429128,
        0.2236747459935796,
        0.19059960590926403
    ],
    "prop_5_rooms": [
        0.28446550200691956,
        0.21603590667379252,
        0.2063457359697114,
        0.1793967972103101,
        0.11375605813926636
    ],
    "prop_6_rooms": [
        0.2565775845582051,
        0.23857916984453595,
        0.1482847378555469,
        0.14500232531703805,
        0.11702007261287292,
        0.09453610981180102
    ]
}