{
    "bedrooms_mae": 1.8527367317459855,
    "bathrooms_mae": 0.7462612133171908,
    "livingroom_mae": 1.9239392943479523,
    "kitchen_mae": 1.5069724570351422,
    "toilet_mae": 0.4181518253968257
}