{
    "mae_bedroom_1": 1.283743286146451,
    "mae_bedroom_2": 0.8246753247762469,
    "mae_bedroom_3": 0.7509645216277999,
    "mae_bedroom_4": 1.168640792164079,
    "mae_bedroom_5": 1.2747340967324208,
    "mae_bedroom_6": 0.9757458750584687,
    "mae_bathroom_1": 0.5136593603613153,
    "mae_bathroom_2": 0.4187883989094257,
    "mae_bathroom_3": 0.3214032624154271
}